vehicle,seq,stop,window_open,window_close,travel_mins_from_previous,depart
VAN-11,0,DEPOT,0,1440,0,540
VAN-11,1,Beeston,480,560,25,540
VAN-11,2,Chilwell,480,620,28,540
VAN-11,3,DEPOT,0,1440,30,540
VAN-12,0,DEPOT,0,1440,0,500
VAN-12,1,Sherwood,480,600,25,500
VAN-12,2,Carlton,480,660,30,500
VAN-12,3,DEPOT,0,1440,26,500
VAN-13,0,DEPOT,0,1440,0,600
VAN-13,1,Hucknall,480,700,40,600
VAN-13,2,Bulwell,480,690,35,600
VAN-13,3,DEPOT,0,1440,38,600
VAN-14,0,DEPOT,0,1440,0,0
VAN-14,1,Arnold,0,30,20,0
VAN-14,2,Mapperley,0,25,20,0
VAN-14,3,DEPOT,0,1440,18,0
